{
  "metadata": {
    "script": "RH_03_Trace_Matching.py",
    "generated": "2026-02-04T18:35:27.714325"
  },
  "known_zeros": [
    14.134725,
    21.02204,
    25.010858,
    30.424876,
    32.935062
  ],
  "smooth_term": {
    "t_vals": [
      10.0,
      20.0,
      30.0,
      50.0,
      100.0,
      200.0
    ],
    "Phi_vals": [
      2.18138545563903,
      2.874845823618934,
      3.2803688387232763,
      3.7912240999593205,
      4.484383781613259,
      5.177534087241568
    ]
  },
  "oscillating_sum": {
    "t_vals": [
      10.0,
      10.201005025125628,
      10.402010050251256,
      10.603015075376884,
      10.804020100502512,
      11.00502512562814,
      11.206030150753769,
      11.407035175879397,
      11.608040201005025,
      11.809045226130653,
      12.010050251256281,
      12.21105527638191,
      12.412060301507537,
      12.613065326633166,
      12.814070351758794,
      13.015075376884422,
      13.21608040201005,
      13.417085427135678,
      13.618090452261306,
      13.819095477386934,
      14.020100502512562,
      14.22110552763819,
      14.422110552763819,
      14.623115577889447,
      14.824120603015075,
      15.025125628140703,
      15.226130653266331,
      15.42713567839196,
      15.628140703517587,
      15.829145728643216,
      16.030150753768844,
      16.231155778894472,
      16.4321608040201,
      16.633165829145728,
      16.834170854271356,
      17.035175879396984,
      17.236180904522612,
      17.43718592964824,
      17.63819095477387,
      17.839195979899497,
      18.040201005025125,
      18.241206030150757,
      18.44221105527638,
      18.643216080402013,
      18.844221105527637,
      19.04522613065327,
      19.246231155778894,
      19.447236180904525,
      19.64824120603015,
      19.84924623115578,
      20.050251256281406,
      20.251256281407038,
      20.452261306532662,
      20.653266331658294,
      20.85427135678392,
      21.05527638190955,
      21.256281407035175,
      21.457286432160807,
      21.65829145728643,
      21.859296482412063,
      22.060301507537687,
      22.26130653266332,
      22.462311557788944,
      22.663316582914575,
      22.8643216080402,
      23.06532663316583,
      23.266331658291456,
      23.467336683417088,
      23.668341708542712,
      23.869346733668344,
      24.07035175879397,
      24.2713567839196,
      24.472361809045225,
      24.673366834170857,
      24.87437185929648,
      25.075376884422113,
      25.276381909547737,
      25.47738693467337,
      25.678391959798994,
      25.879396984924625,
      26.080402010050253,
      26.28140703517588,
      26.48241206030151,
      26.683417085427138,
      26.884422110552766,
      27.085427135678394,
      27.286432160804022,
      27.48743718592965,
      27.68844221105528,
      27.889447236180906,
      28.090452261306535,
      28.291457286432163,
      28.49246231155779,
      28.69346733668342,
      28.894472361809047,
      29.095477386934675,
      29.296482412060303,
      29.49748743718593,
      29.69849246231156,
      29.899497487437188,
      30.100502512562816,
      30.301507537688444,
      30.502512562814072,
      30.7035175879397,
      30.90452261306533,
      31.105527638190956,
      31.306532663316585,
      31.507537688442213,
      31.70854271356784,
      31.90954773869347,
      32.1105527638191,
      32.311557788944725,
      32.51256281407035,
      32.71356783919598,
      32.91457286432161,
      33.11557788944724,
      33.31658291457286,
      33.517587939698494,
      33.718592964824126,
      33.91959798994975,
      34.120603015075375,
      34.321608040201006,
      34.52261306532664,
      34.72361809045226,
      34.92462311557789,
      35.12562814070352,
      35.32663316582915,
      35.527638190954775,
      35.7286432160804,
      35.92964824120603,
      36.13065326633166,
      36.33165829145729,
      36.53266331658291,
      36.733668341708544,
      36.934673366834176,
      37.1356783919598,
      37.336683417085425,
      37.537688442211056,
      37.73869346733669,
      37.93969849246231,
      38.14070351758794,
      38.34170854271357,
      38.5427135678392,
      38.743718592964825,
      38.94472361809045,
      39.14572864321608,
      39.34673366834171,
      39.54773869346734,
      39.74874371859296,
      39.949748743718594,
      40.150753768844226,
      40.35175879396985,
      40.552763819095475,
      40.753768844221106,
      40.95477386934674,
      41.15577889447236,
      41.35678391959799,
      41.55778894472362,
      41.75879396984925,
      41.959798994974875,
      42.16080402010051,
      42.36180904522613,
      42.56281407035176,
      42.76381909547739,
      42.96482412060302,
      43.165829145728644,
      43.366834170854275,
      43.5678391959799,
      43.76884422110553,
      43.969849246231156,
      44.17085427135679,
      44.37185929648241,
      44.572864321608044,
      44.77386934673367,
      44.9748743718593,
      45.175879396984925,
      45.37688442211056,
      45.57788944723618,
      45.77889447236181,
      45.97989949748744,
      46.18090452261307,
      46.381909547738694,
      46.582914572864325,
      46.78391959798995,
      46.98492462311558,
      47.185929648241206,
      47.38693467336684,
      47.58793969849246,
      47.788944723618094,
      47.98994974874372,
      48.19095477386935,
      48.391959798994975,
      48.59296482412061,
      48.79396984924623,
      48.99497487437186,
      49.19597989949749,
      49.39698492462312,
      49.597989949748744,
      49.798994974874375,
      50.0
    ],