{
  "metadata": {
    "script": "RH_14_Formal_Verification.py",
    "generated": "2026-02-04T18:36:03.281456",
    "verification_methods": [
      "Z3 Theorem Prover",
      "SymPy Symbolic",
      "Numerical"
    ]
  },
  "summary": {
    "total_verified": 23,
    "total_failed": 0,
    "claims_verified": [
      "Eigenvalue Equation",
      "Real Eigenvalue on Critical Line",
      "Critical Line Biconditional",
      "Fisher Information Weight",
      "Arc Length = pi",
      "Symmetry of Weight Function",
      "Deficiency Indices (1,1)",
      "Self-Adjoint Extensions Exist",
      "Boundary Condition Form",
      "Natural Boundary Condition alpha = pi",
      "Weyl Density Asymptotic",
      "Riemann Zero Density Matching",
      "von Mangoldt Function Identity",
      "Prime Sum = von Mangoldt Sum",
      "Sign Matching with e^{i*pi} = -1",
      "Smooth Term Matching",
      "Complete Trace Formula Matching",
      "Uniqueness of Spectral Measure",
      "Spectral Correspondence",
      "Self-Adjointness => Real Spectrum",
      "THE RIEMANN HYPOTHESIS",
      "First Riemann Zeros on Critical Line",
      "Weyl Law Numerical Check"
    ]
  },
  "known_zeros": [
    14.134725142,
    21.022039639,
    25.01085758,
    30.424876126,
    32.935061588,
    37.586178159,
    40.918719012,
    43.327073281,
    48.005150881,
    49.773832478
  ],
  "von_mangoldt": {
    "n_range": [
      1,
      2,
      3,
      4,
      5,
      6,
      7,
      8,
      9,
      10,
      11,
      12,
      13,
      14,
      15,
      16,
      17,
      18,
      19,
      20,
      21,
      22,
      23,
      24,
      25,
      26,
      27,
      28,
      29,
      30,
      31,
      32,
      33,
      34,
      35,
      36,
      37,
      38,
      39,
      40,
      41,
      42,
      43,
      44,
      45,
      46,
      47,
      48,
      49,
      50
    ],
    "Lambda_n": [
      0.0,
      0.6931471805599453,
      1.0986122886681098,
      0.6931471805599453,
      1.6094379124341003,
      0.0,
      1.9459101490553132,
      0.6931471805599453,
      1.0986122886681098,
      0.0,
      2.3978952727983707,
      0.0,
      2.5649493574615367,
      0.0,
      0.0,
      0.6931471805599453,
      2.833213344056216,
      0.0,
      2.9444389791664403,
      0.0,
      0.0,
      0.0,
      3.1354942159291497,
      0.0,
      1.6094379124341003,
      0.0,
      1.0986122886681098,
      0.0,
      3.367295829986474,
      0.0,
      3.4339872044851463,
      0.6931471805599453,
      0.0,
      0.0,
      0.0,
      0.0,
      3.6109179126442243,
      0.0,
      0.0,
      0.0,
      3.713572066704308,
      0.0,
      3.7612001156935624,
      0.0,
      0.0,
      0.0,
      3.8501476017100584,
      0.0,
      1.9459101490553132,
      0.0
    ],
    "amplitudes": [
      0.0,
      0.49012907173427356,
      0.634284100597564,
      0.34657359027997264,
      0.7197625155536004,
      0.0,
      0.7354849040109982,
      0.24506453586713678,
      0.3662040962227033,
      0.0,
      0.7229926278581,
      0.0,
      0.711388955945845,
      0.0,
      0.0,
      0.17328679513998632,
      0.6871551692619535,
      0.0,
      0.6755006292425566,
      0.0,
      0.0,
      0.0,
      0.6537957392138137,
      0.0,
      0.32188758248682003,
      0.0,
      0.21142803353252135,
      0.0,
      0.6252911378915149,
      0.0,
      0.6167623090176352,
      0.12253226793356839,
      0.0,
      0.0,
      0.0,
      0.0,
      0.5936312480814852,
      0.0,
      0.0,
      0.0,
      0.5799625197016574,
      0.0,
      0.5735776403780956,
      0.0,
      0.0,
      0.0,
      0.5616017471890768,
      0.0,
      0.277987164150759,
      0.0
    ]
  },
  "weyl_law": {
    "T_range": [
      10.0,
      11.83673469387755,
      13.673469387755102,
      15.510204081632654,
      17.346938775510203,
      19.183673469387756,
      21.02040816326531,
      22.857142857142858,
      24.693877551020407,
      26.53061224489796,
      28.367346938775512,
      30.20408163265306,
      32.04081632653062,
      33.87755102040816,
      35.714285714285715,
      37.55102040816327,
      39.38775510204081,
      41.22448979591837,
      43.06122448979592,
      44.89795918367347,
      46.734693877551024,
      48.57142857142857,
      50.40816326530612,
      52.244897959183675,
      54.08163265306123,
      55.91836734693878,
      57.755102040816325,
      59.59183673469388,
      61.42857142857143,
      63.26530612244898,
      65.10204081632654,
      66.93877551020408,
      68.77551020408163,
      70.61224489795919,
      72.44897959183675,
      74.28571428571429,
      76.12244897959184,
      77.95918367346938,
      79.79591836734694,
      81.63265306122449,
      83.46938775510205,
      85.3061224489796,
      87.14285714285714,
      88.9795918367347,
      90.81632653061224,
      92.6530612244898,
      94.48979591836735,
      96.3265306122449,
      98.16326530612245,
      100.0
    ],
    "weyl_N": [
      -0.8519436356646038,
      -0.6907589941132581,
      -0.4840297008632526,
      -0.23791386368752132,
      0.042900823011352784,
      0.3547257067878027,
      0.6945821129359633,
      1.0600141189486365,
      1.4489619055518363,
      1.8596729973703132,
      2.290638199342962,
      2.740544192879681,
      3.208237703737667,
      3.6926979119246397,
      4.193014861624136,
      4.708372323530092,
      5.238034017680302,
      5.781332411301948,
      6.337659516733183,
      6.906459261987501,
      7.4872211116790925,
      8.079474692180991,
      8.682785230838006,
      9.2967496607068,
      9.920993273676476,
      10.555166828730314,
      11.198944040511002,
      11.852019387650206,
      12.51410619153281,
      13.184934925026154,
      13.864251717761853,
      14.551817030219343,
      15.247404473433843,
      15.950799754868173,
      16.661799734028094,
      17.380211573900365,
      18.105851976359606,
      18.838546491407346,
      19.578128891540608,
      20.324440603750134,
      21.07733019266135,
      21.836652889188326,
      22.60227015979848,
      23.374049312106287,
      24.151863133044756,
      24.935589556318753,
      25.725111356236805,
      26.520315865356295,
      27.3210947136711,
      28.12734358732535
    ],
    "actual_N": [
      0,
      0,
      0,
      1,
      1,
      1,
      1,
      2,
      2,
      3,
      3,
      3,
      4,
      5,
      5,
      5,
      6,
      7,
      7,
      8,
      8,
      9,
      10,
      10,
      10,
      10,
      10,
      10,
      10,
      10,
      10,
      10,
      10,
      10,
      10,
      10,
      10,
      10,
      10,
      10,
      10,
      10,
      10,
      10,
      10,
      10,
      10,
      10,
      10,
      10
    ]
  },
  "key_constants": {
    "arc_length": 3.141592653589793,
    "alpha_boundary": 3.141592653589793,
    "exp_i_pi": {
      "real": -1.0,
      "imag": 0.0
    }
  }
}